{
  "type": "panel",
  "name": "Geomap Panel WMS",
  "id": "felixrelleum-geomapwms-panel",
  "info": {
    "description": "Display data on top of a OGC WMS 1.3.0 base map layer",
    "author": {
      "name": "Felix Müller",
      "url": "https://github.com/felix-mu"
    },
    "keywords": [
      "map",
      "geojson",
      "icons",
      "idw",
      "wms"
    ],
    "logos": {
      "small": "img/geomap-wms-logo.svg",
      "large": "img/geomap-wms-logo.svg"
    },
    "links": [
      {
        "name": "Website",
        "url": "https://github.com/felix-mu/geomap-wms-panel"
      },
      {
        "name": "License",
        "url": "https://github.com/felix-mu/geomap-wms-panel/tree/main?tab=AGPL-3.0-1-ov-file"
      }
    ],
    "screenshots": [
      {
        "name": "logo",
        "path": "img/geomap-wms-logo.svg"
      }
    ],
    "version": "2.0.2",
    "updated": "2025-11-14"
  },
  "dependencies": {
    "grafanaDependency": ">=9.1.6",
    "plugins": []
  }
}
